#,Name,Sell,Where/How,Shadow,Size,Rain/Snow Catch Up,Jan,Feb,Mar,Apr,May,Jun,Jul,Aug,Sep,Oct,Nov,Dec
1,bitterling,900,강,매우작다,1x1,No,0#1#2#3#4#5#6#7#8#9#10#11#12#13#14#15#16#17#18#19#20#21#22#23,0#1#2#3#4#5#6#7#8#9#10#11#12#13#14#15#16#17#18#19#20#21#22#23,0#1#2#3#4#5#6#7#8#9#10#11#12#13#14#15#16#17#18#19#20#21#22#23,null,null,null,null,null,null,null,0#1#2#3#4#5#6#7#8#9#10#11#12#13#14#15#16#17#18#19#20#21#22#23,0#1#2#3#4#5#6#7#8#9#10#11#12#13#14#15#16#17#18#19#20#21#22#23
2,pale chub,200,강,매우작다,1x1,No,9#10#11#12#13#14#15#16,9#10#11#12#13#14#15#16,9#10#11#12#13#14#15#16,9#10#11#12#13#14#15#16,9#10#11#12#13#14#15#16,9#10#11#12#13#14#15#16,9#10#11#12#13#14#15#16,9#10#11#12#13#14#15#16,9#10#11#12#13#14#15#16,9#10#11#12#13#14#15#16,9#10#11#12#13#14#15#16,9#10#11#12#13#14#15#16
3,crucian carp,160,강,작다,1x1,No,0#1#2#3#4#5#6#7#8#9#10#11#12#13#14#15#16#17#18#19#20#21#22#23,0#1#2#3#4#5#6#7#8#9#10#11#12#13#14#15#16#17#18#19#20#21#22#23,0#1#2#3#4#5#6#7#8#9#10#11#12#13#14#15#16#17#18#19#20#21#22#23,0#1#2#3#4#5#6#7#8#9#10#11#12#13#14#15#16#17#18#19#20#21#22#23,0#1#2#3#4#5#6#7#8#9#10#11#12#13#14#15#16#17#18#19#20#21#22#23,0#1#2#3#4#5#6#7#8#9#10#11#12#13#14#15#16#17#18#19#20#21#22#23,0#1#2#3#4#5#6#7#8#9#10#11#12#13#14#15#16#17#18#19#20#21#22#23,0#1#2#3#4#5#6#7#8#9#10#11#12#13#14#15#16#17#18#19#20#21#22#23,0#1#2#3#4#5#6#7#8#9#10#11#12#13#14#15#16#17#18#19#20#21#22#23,0#1#2#3#4#5#6#7#8#9#10#11#12#13#14#15#16#17#18#19#20#21#22#23,0#1#2#3#4#5#6#7#8#9#10#11#12#13#14#15#16#17#18#19#20#21#22#23,0#1#2#3#4#5#6#7#8#9#10#11#12#13#14#15#16#17#18#19#20#21#22#23
4,dace,240,강,중간,1x1,No,16#17#18#19#20#21#22#23#0#1#2#3#4#5#6#7#8#9,16#17#18#19#20#21#22#23#0#1#2#3#4#5#6#7#8#9,16#17#18#19#20#21#22#23#0#1#2#3#4#5#6#7#8#9,16#17#18#19#20#21#22#23#0#1#2#3#4#5#6#7#8#9,16#17#18#19#20#21#22#23#0#1#2#3#4#5#6#7#8#9,16#17#18#19#20#21#22#23#0#1#2#3#4#5#6#7#8#9,16#17#18#19#20#21#22#23#0#1#2#3#4#5#6#7#8#9,16#17#18#19#20#21#22#23#0#1#2#3#4#5#6#7#8#9,16#17#18#19#20#21#22#23#0#1#2#3#4#5#6#7#8#9,16#17#18#19#20#21#22#23#0#1#2#3#4#5#6#7#8#9,16#17#18#19#20#21#22#23#0#1#2#3#4#5#6#7#8#9,16#17#18#19#20#21#22#23#0#1#2#3#4#5#6#7#8#9
5,carp,300,연못,크다,1x1,No,0#1#2#3#4#5#6#7#8#9#10#11#12#13#14#15#16#17#18#19#20#21#22#23,0#1#2#3#4#5#6#7#8#9#10#11#12#13#14#15#16#17#18#19#20#21#22#23,0#1#2#3#4#5#6#7#8#9#10#11#12#13#14#15#16#17#18#19#20#21#22#23,0#1#2#3#4#5#6#7#8#9#10#11#12#13#14#15#16#17#18#19#20#21#22#23,0#1#2#3#4#5#6#7#8#9#10#11#12#13#14#15#16#17#18#19#20#21#22#23,0#1#2#3#4#5#6#7#8#9#10#11#12#13#14#15#16#17#18#19#20#21#22#23,0#1#2#3#4#5#6#7#8#9#10#11#12#13#14#15#16#17#18#19#20#21#22#23,0#1#2#3#4#5#6#7#8#9#10#11#12#13#14#15#16#17#18#19#20#21#22#23,0#1#2#3#4#5#6#7#8#9#10#11#12#13#14#15#16#17#18#19#20#21#22#23,0#1#2#3#4#5#6#7#8#9#10#11#12#13#14#15#16#17#18#19#20#21#22#23,0#1#2#3#4#5#6#7#8#9#10#11#12#13#14#15#16#17#18#19#20#21#22#23,0#1#2#3#4#5#6#7#8#9#10#11#12#13#14#15#16#17#18#19#20#21#22#23
6,koi,4000,연못,크다,1x1,No,16#17#18#19#20#21#22#23#0#1#2#3#4#5#6#7#8#9,16#17#18#19#20#21#22#23#0#1#2#3#4#5#6#7#8#9,16#17#18#19#20#21#22#23#0#1#2#3#4#5#6#7#8#9,16#17#18#19#20#21#22#23#0#1#2#3#4#5#6#7#8#9,16#17#18#19#20#21#22#23#0#1#2#3#4#5#6#7#8#9,16#17#18#19#20#21#22#23#0#1#2#3#4#5#6#7#8#9,16#17#18#19#20#21#22#23#0#1#2#3#4#5#6#7#8#9,16#17#18#19#20#21#22#23#0#1#2#3#4#5#6#7#8#9,16#17#18#19#20#21#22#23#0#1#2#3#4#5#6#7#8#9,16#17#18#19#20#21#22#23#0#1#2#3#4#5#6#7#8#9,16#17#18#19#20#21#22#23#0#1#2#3#4#5#6#7#8#9,16#17#18#19#20#21#22#23#0#1#2#3#4#5#6#7#8#9
7,goldfish,1300,연못,매우작다,1x1,No,0#1#2#3#4#5#6#7#8#9#10#11#12#13#14#15#16#17#18#19#20#21#22#23,0#1#2#3#4#5#6#7#8#9#10#11#12#13#14#15#16#17#18#19#20#21#22#23,0#1#2#3#4#5#6#7#8#9#10#11#12#13#14#15#16#17#18#19#20#21#22#23,0#1#2#3#4#5#6#7#8#9#10#11#12#13#14#15#16#17#18#19#20#21#22#23,0#1#2#3#4#5#6#7#8#9#10#11#12#13#14#15#16#17#18#19#20#21#22#23,0#1#2#3#4#5#6#7#8#9#10#11#12#13#14#15#16#17#18#19#20#21#22#23,0#1#2#3#4#5#6#7#8#9#10#11#12#13#14#15#16#17#18#19#20#21#22#23,0#1#2#3#4#5#6#7#8#9#10#11#12#13#14#15#16#17#18#19#20#21#22#23,0#1#2#3#4#5#6#7#8#9#10#11#12#13#14#15#16#17#18#19#20#21#22#23,0#1#2#3#4#5#6#7#8#9#10#11#12#13#14#15#16#17#18#19#20#21#22#23,0#1#2#3#4#5#6#7#8#9#10#11#12#13#14#15#16#17#18#19#20#21#22#23,0#1#2#3#4#5#6#7#8#9#10#11#12#13#14#15#16#17#18#19#20#21#22#23
8,pop eyed goldfish,1300,연못,매우작다,1x1,No,9#10#11#12#13#14#15#16,9#10#11#12#13#14#15#16,9#10#11#12#13#14#15#16,9#10#11#12#13#14#15#16,9#10#11#12#13#14#15#16,9#10#11#12#13#14#15#16,9#10#11#12#13#14#15#16,9#10#11#12#13#14#15#16,9#10#11#12#13#14#15#16,9#10#11#12#13#14#15#16,9#10#11#12#13#14#15#16,9#10#11#12#13#14#15#16
9,ranchu goldfish,4500,연못,작다,1x1,No,9#10#11#12#13#14#15#16,9#10#11#12#13#14#15#16,9#10#11#12#13#14#15#16,9#10#11#12#13#14#15#16,9#10#11#12#13#14#15#16,9#10#11#12#13#14#15#16,9#10#11#12#13#14#15#16,9#10#11#12#13#14#15#16,9#10#11#12#13#14#15#16,9#10#11#12#13#14#15#16,9#10#11#12#13#14#15#16,9#10#11#12#13#14#15#16
10,killifish,300,연못,매우작다,1x1,No,null,null,null,0#1#2#3#4#5#6#7#8#9#10#11#12#13#14#15#16#17#18#19#20#21#22#23,0#1#2#3#4#5#6#7#8#9#10#11#12#13#14#15#16#17#18#19#20#21#22#23,0#1#2#3#4#5#6#7#8#9#10#11#12#13#14#15#16#17#18#19#20#21#22#23,0#1#2#3#4#5#6#7#8#9#10#11#12#13#14#15#16#17#18#19#20#21#22#23,0#1#2#3#4#5#6#7#8#9#10#11#12#13#14#15#16#17#18#19#20#21#22#23,null,null,null,null
11,crawfish,200,연못,작다,1x1,No,null,null,null,0#1#2#3#4#5#6#7#8#9#10#11#12#13#14#15#16#17#18#19#20#21#22#23,0#1#2#3#4#5#6#7#8#9#10#11#12#13#14#15#16#17#18#19#20#21#22#23,0#1#2#3#4#5#6#7#8#9#10#11#12#13#14#15#16#17#18#19#20#21#22#23,0#1#2#3#4#5#6#7#8#9#10#11#12#13#14#15#16#17#18#19#20#21#22#23,0#1#2#3#4#5#6#7#8#9#10#11#12#13#14#15#16#17#18#19#20#21#22#23,0#1#2#3#4#5#6#7#8#9#10#11#12#13#14#15#16#17#18#19#20#21#22#23,null,null,null
12,softshelled turtle,3750,강,크다,1x1,No,null,null,null,null,null,null,null,16#17#18#19#20#21#22#23#0#1#2#3#4#5#6#7#8#9,16#17#18#19#20#21#22#23#0#1#2#3#4#5#6#7#8#9,null,null,null
13,snapping turtle,5000,강,크다,1x1,No,null,null,null,21#22#23#0#1#2#3#4,21#22#23#0#1#2#3#4,21#22#23#0#1#2#3#4,21#22#23#0#1#2#3#4,21#22#23#0#1#2#3#4,21#22#23#0#1#2#3#4,21#22#23#0#1#2#3#4,null,null
14,tadpole,100,연못,매우작다,1x1,No,null,null,0#1#2#3#4#5#6#7#8#9#10#11#12#13#14#15#16#17#18#19#20#21#22#23,0#1#2#3#4#5#6#7#8#9#10#11#12#13#14#15#16#17#18#19#20#21#22#23,0#1#2#3#4#5#6#7#8#9#10#11#12#13#14#15#16#17#18#19#20#21#22#23,0#1#2#3#4#5#6#7#8#9#10#11#12#13#14#15#16#17#18#19#20#21#22#23,0#1#2#3#4#5#6#7#8#9#10#11#12#13#14#15#16#17#18#19#20#21#22#23,null,null,null,null,null
15,frog,120,연못,작다,1x1,No,null,null,null,null,0#1#2#3#4#5#6#7#8#9#10#11#12#13#14#15#16#17#18#19#20#21#22#23,0#1#2#3#4#5#6#7#8#9#10#11#12#13#14#15#16#17#18#19#20#21#22#23,0#1#2#3#4#5#6#7#8#9#10#11#12#13#14#15#16#17#18#19#20#21#22#23,0#1#2#3#4#5#6#7#8#9#10#11#12#13#14#15#16#17#18#19#20#21#22#23,null,null,null,null
16,freshwater goby,400,강,작다,1x1,No,16#17#18#19#20#21#22#23#0#1#2#3#4#5#6#7#8#9,16#17#18#19#20#21#22#23#0#1#2#3#4#5#6#7#8#9,16#17#18#19#20#21#22#23#0#1#2#3#4#5#6#7#8#9,16#17#18#19#20#21#22#23#0#1#2#3#4#5#6#7#8#9,16#17#18#19#20#21#22#23#0#1#2#3#4#5#6#7#8#9,16#17#18#19#20#21#22#23#0#1#2#3#4#5#6#7#8#9,16#17#18#19#20#21#22#23#0#1#2#3#4#5#6#7#8#9,16#17#18#19#20#21#22#23#0#1#2#3#4#5#6#7#8#9,16#17#18#19#20#21#22#23#0#1#2#3#4#5#6#7#8#9,16#17#18#19#20#21#22#23#0#1#2#3#4#5#6#7#8#9,16#17#18#19#20#21#22#23#0#1#2#3#4#5#6#7#8#9,16#17#18#19#20#21#22#23#0#1#2#3#4#5#6#7#8#9
17,loach,400,강,작다,1x1,No,null,null,0#1#2#3#4#5#6#7#8#9#10#11#12#13#14#15#16#17#18#19#20#21#22#23,0#1#2#3#4#5#6#7#8#9#10#11#12#13#14#15#16#17#18#19#20#21#22#23,0#1#2#3#4#5#6#7#8#9#10#11#12#13#14#15#16#17#18#19#20#21#22#23,null,null,null,null,null,null,null
18,catfish,800,연못,크다,1x1,No,null,null,null,null,16#17#18#19#20#21#22#23#0#1#2#3#4#5#6#7#8#9,16#17#18#19#20#21#22#23#0#1#2#3#4#5#6#7#8#9,16#17#18#19#20#21#22#23#0#1#2#3#4#5#6#7#8#9,16#17#18#19#20#21#22#23#0#1#2#3#4#5#6#7#8#9,16#17#18#19#20#21#22#23#0#1#2#3#4#5#6#7#8#9,16#17#18#19#20#21#22#23#0#1#2#3#4#5#6#7#8#9,null,null
19,giant snakehead,5500,연못,크다,2x1,No,null,null,null,null,null,9#10#11#12#13#14#15#16,9#10#11#12#13#14#15#16,9#10#11#12#13#14#15#16,null,null,null,null
20,bluegill,180,강,작다,1x1,No,9#10#11#12#13#14#15#16,9#10#11#12#13#14#15#16,9#10#11#12#13#14#15#16,9#10#11#12#13#14#15#16,9#10#11#12#13#14#15#16,9#10#11#12#13#14#15#16,9#10#11#12#13#14#15#16,9#10#11#12#13#14#15#16,9#10#11#12#13#14#15#16,9#10#11#12#13#14#15#16,9#10#11#12#13#14#15#16,9#10#11#12#13#14#15#16
21,yellow perch,300,강,중간,1x1,No,0#1#2#3#4#5#6#7#8#9#10#11#12#13#14#15#16#17#18#19#20#21#22#23,0#1#2#3#4#5#6#7#8#9#10#11#12#13#14#15#16#17#18#19#20#21#22#23,0#1#2#3#4#5#6#7#8#9#10#11#12#13#14#15#16#17#18#19#20#21#22#23,null,null,null,null,null,null,0#1#2#3#4#5#6#7#8#9#10#11#12#13#14#15#16#17#18#19#20#21#22#23,0#1#2#3#4#5#6#7#8#9#10#11#12#13#14#15#16#17#18#19#20#21#22#23,0#1#2#3#4#5#6#7#8#9#10#11#12#13#14#15#16#17#18#19#20#21#22#23
22,black bass,400,강,크다,1x1,No,0#1#2#3#4#5#6#7#8#9#10#11#12#13#14#15#16#17#18#19#20#21#22#23,0#1#2#3#4#5#6#7#8#9#10#11#12#13#14#15#16#17#18#19#20#21#22#23,0#1#2#3#4#5#6#7#8#9#10#11#12#13#14#15#16#17#18#19#20#21#22#23,0#1#2#3#4#5#6#7#8#9#10#11#12#13#14#15#16#17#18#19#20#21#22#23,0#1#2#3#4#5#6#7#8#9#10#11#12#13#14#15#16#17#18#19#20#21#22#23,0#1#2#3#4#5#6#7#8#9#10#11#12#13#14#15#16#17#18#19#20#21#22#23,0#1#2#3#4#5#6#7#8#9#10#11#12#13#14#15#16#17#18#19#20#21#22#23,0#1#2#3#4#5#6#7#8#9#10#11#12#13#14#15#16#17#18#19#20#21#22#23,0#1#2#3#4#5#6#7#8#9#10#11#12#13#14#15#16#17#18#19#20#21#22#23,0#1#2#3#4#5#6#7#8#9#10#11#12#13#14#15#16#17#18#19#20#21#22#23,0#1#2#3#4#5#6#7#8#9#10#11#12#13#14#15#16#17#18#19#20#21#22#23,0#1#2#3#4#5#6#7#8#9#10#11#12#13#14#15#16#17#18#19#20#21#22#23
23,tilapia,800,강,중간,1x1,No,null,null,null,null,null,0#1#2#3#4#5#6#7#8#9#10#11#12#13#14#15#16#17#18#19#20#21#22#23,0#1#2#3#4#5#6#7#8#9#10#11#12#13#14#15#16#17#18#19#20#21#22#23,0#1#2#3#4#5#6#7#8#9#10#11#12#13#14#15#16#17#18#19#20#21#22#23,0#1#2#3#4#5#6#7#8#9#10#11#12#13#14#15#16#17#18#19#20#21#22#23,0#1#2#3#4#5#6#7#8#9#10#11#12#13#14#15#16#17#18#19#20#21#22#23,null,null
24,pike,1800,강,매우크다,2x1,No,null,null,null,null,null,null,null,null,0#1#2#3#4#5#6#7#8#9#10#11#12#13#14#15#16#17#18#19#20#21#22#23,0#1#2#3#4#5#6#7#8#9#10#11#12#13#14#15#16#17#18#19#20#21#22#23,0#1#2#3#4#5#6#7#8#9#10#11#12#13#14#15#16#17#18#19#20#21#22#23,0#1#2#3#4#5#6#7#8#9#10#11#12#13#14#15#16#17#18#19#20#21#22#23
25,pond smelt,400,강,작다,1x1,No,0#1#2#3#4#5#6#7#8#9#10#11#12#13#14#15#16#17#18#19#20#21#22#23,0#1#2#3#4#5#6#7#8#9#10#11#12#13#14#15#16#17#18#19#20#21#22#23,null,null,null,null,null,null,null,null,null,0#1#2#3#4#5#6#7#8#9#10#11#12#13#14#15#16#17#18#19#20#21#22#23
26,sweetfish,900,강,중간,1x1,No,null,null,null,null,null,null,0#1#2#3#4#5#6#7#8#9#10#11#12#13#14#15#16#17#18#19#20#21#22#23,0#1#2#3#4#5#6#7#8#9#10#11#12#13#14#15#16#17#18#19#20#21#22#23,0#1#2#3#4#5#6#7#8#9#10#11#12#13#14#15#16#17#18#19#20#21#22#23,null,null,null
27,cherry salmon,1000,강 (절벽 위),중간,1x1,No,null,null,16#17#18#19#20#21#22#23#0#1#2#3#4#5#6#7#8#9,16#17#18#19#20#21#22#23#0#1#2#3#4#5#6#7#8#9,16#17#18#19#20#21#22#23#0#1#2#3#4#5#6#7#8#9,16#17#18#19#20#21#22#23#0#1#2#3#4#5#6#7#8#9,null,null,0#1#2#3#4#5#6#7#8#9#10#11#12#13#14#15#16#17#18#19#20#21#22#23,0#1#2#3#4#5#6#7#8#9#10#11#12#13#14#15#16#17#18#19#20#21#22#23,0#1#2#3#4#5#6#7#8#9#10#11#12#13#14#15#16#17#18#19#20#21#22#23,null
28,char,3800,강 (절벽 위),중간,1x1,No,null,null,16#17#18#19#20#21#22#23#0#1#2#3#4#5#6#7#8#9,16#17#18#19#20#21#22#23#0#1#2#3#4#5#6#7#8#9,16#17#18#19#20#21#22#23#0#1#2#3#4#5#6#7#8#9,16#17#18#19#20#21#22#23#0#1#2#3#4#5#6#7#8#9,null,null,0#1#2#3#4#5#6#7#8#9#10#11#12#13#14#15#16#17#18#19#20#21#22#23,0#1#2#3#4#5#6#7#8#9#10#11#12#13#14#15#16#17#18#19#20#21#22#23,0#1#2#3#4#5#6#7#8#9#10#11#12#13#14#15#16#17#18#19#20#21#22#23,null
29,golden trout,15000,강 (절벽 위),중간,1x1,No,null,null,16#17#18#19#20#21#22#23#0#1#2#3#4#5#6#7#8#9,16#17#18#19#20#21#22#23#0#1#2#3#4#5#6#7#8#9,16#17#18#19#20#21#22#23#0#1#2#3#4#5#6#7#8#9,null,null,null,16#17#18#19#20#21#22#23#0#1#2#3#4#5#6#7#8#9,16#17#18#19#20#21#22#23#0#1#2#3#4#5#6#7#8#9,16#17#18#19#20#21#22#23#0#1#2#3#4#5#6#7#8#9,null
30,stringfish,15000,강 (절벽 위),매우크다,2x1,No,16#17#18#19#20#21#22#23#0#1#2#3#4#5#6#7#8#9,16#17#18#19#20#21#22#23#0#1#2#3#4#5#6#7#8#9,16#17#18#19#20#21#22#23#0#1#2#3#4#5#6#7#8#9,null,null,null,null,null,null,null,null,16#17#18#19#20#21#22#23#0#1#2#3#4#5#6#7#8#9
31,salmon,700,강 (하구),크다,2x1,No,null,null,null,null,null,null,null,null,0#1#2#3#4#5#6#7#8#9#10#11#12#13#14#15#16#17#18#19#20#21#22#23,null,null,null
32,king salmon,1800,강 (하구),매우크다,2x1,No,null,null,null,null,null,null,null,null,0#1#2#3#4#5#6#7#8#9#10#11#12#13#14#15#16#17#18#19#20#21#22#23,null,null,null
33,mitten crab,2000,강,작다,1x1,No,null,null,null,null,null,null,null,null,16#17#18#19#20#21#22#23#0#1#2#3#4#5#6#7#8#9,16#17#18#19#20#21#22#23#0#1#2#3#4#5#6#7#8#9,16#17#18#19#20#21#22#23#0#1#2#3#4#5#6#7#8#9,null
34,guppy,1300,강,매우작다,1x1,No,null,null,null,9#10#11#12#13#14#15#16,9#10#11#12#13#14#15#16,9#10#11#12#13#14#15#16,9#10#11#12#13#14#15#16,9#10#11#12#13#14#15#16,9#10#11#12#13#14#15#16,9#10#11#12#13#14#15#16,9#10#11#12#13#14#15#16,null
35,nibble fish,1500,강,매우작다,1x1,No,null,null,null,null,9#10#11#12#13#14#15#16,9#10#11#12#13#14#15#16,9#10#11#12#13#14#15#16,9#10#11#12#13#14#15#16,9#10#11#12#13#14#15#16,null,null,null
36,angelfish,3000,강,작다,1x1,No,null,null,null,null,16#17#18#19#20#21#22#23#0#1#2#3#4#5#6#7#8#9,16#17#18#19#20#21#22#23#0#1#2#3#4#5#6#7#8#9,16#17#18#19#20#21#22#23#0#1#2#3#4#5#6#7#8#9,16#17#18#19#20#21#22#23#0#1#2#3#4#5#6#7#8#9,16#17#18#19#20#21#22#23#0#1#2#3#4#5#6#7#8#9,16#17#18#19#20#21#22#23#0#1#2#3#4#5#6#7#8#9,null,null
37,betta,2500,강,작다,1x1,No,null,null,null,null,9#10#11#12#13#14#15#16,9#10#11#12#13#14#15#16,9#10#11#12#13#14#15#16,9#10#11#12#13#14#15#16,9#10#11#12#13#14#15#16,9#10#11#12#13#14#15#16,null,null
38,neon tetra,500,강,매우작다,1x1,No,null,null,null,9#10#11#12#13#14#15#16,9#10#11#12#13#14#15#16,9#10#11#12#13#14#15#16,9#10#11#12#13#14#15#16,9#10#11#12#13#14#15#16,9#10#11#12#13#14#15#16,9#10#11#12#13#14#15#16,9#10#11#12#13#14#15#16,null
39,rainbowfish,800,강,매우작다,1x1,No,null,null,null,null,9#10#11#12#13#14#15#16,9#10#11#12#13#14#15#16,9#10#11#12#13#14#15#16,9#10#11#12#13#14#15#16,9#10#11#12#13#14#15#16,9#10#11#12#13#14#15#16,null,null
40,piranha,2500,강,작다,1x1,No,null,null,null,null,null,9#10#11#12#13#14#15#16#21#22#23#0#1#2#3#4,9#10#11#12#13#14#15#16#21#22#23#0#1#2#3#4,9#10#11#12#13#14#15#16#21#22#23#0#1#2#3#4,9#10#11#12#13#14#15#16#21#22#23#0#1#2#3#4,null,null,null
41,arowana,10000,강,크다,2x1,No,null,null,null,null,null,16#17#18#19#20#21#22#23#0#1#2#3#4#5#6#7#8#9,16#17#18#19#20#21#22#23#0#1#2#3#4#5#6#7#8#9,16#17#18#19#20#21#22#23#0#1#2#3#4#5#6#7#8#9,16#17#18#19#20#21#22#23#0#1#2#3#4#5#6#7#8#9,null,null,null
42,dorado,15000,강,매우크다,2x1,No,null,null,null,null,null,4#5#6#7#8#9#10#11#12#13#14#15#16#17#18#19#20#21,4#5#6#7#8#9#10#11#12#13#14#15#16#17#18#19#20#21,4#5#6#7#8#9#10#11#12#13#14#15#16#17#18#19#20#21,4#5#6#7#8#9#10#11#12#13#14#15#16#17#18#19#20#21,null,null,null
43,gar,6000,연못,매우크다,2x1,No,null,null,null,null,null,16#17#18#19#20#21#22#23#0#1#2#3#4#5#6#7#8#9,16#17#18#19#20#21#22#23#0#1#2#3#4#5#6#7#8#9,16#17#18#19#20#21#22#23#0#1#2#3#4#5#6#7#8#9,16#17#18#19#20#21#22#23#0#1#2#3#4#5#6#7#8#9,null,null,null
44,arapaima,10000,강,특대,3x2,Yes,null,null,null,null,null,16#17#18#19#20#21#22#23#0#1#2#3#4#5#6#7#8#9,16#17#18#19#20#21#22#23#0#1#2#3#4#5#6#7#8#9,16#17#18#19#20#21#22#23#0#1#2#3#4#5#6#7#8#9,16#17#18#19#20#21#22#23#0#1#2#3#4#5#6#7#8#9,null,null,null
45,saddled bichir,4000,강,크다,2x1,No,null,null,null,null,null,21#22#23#0#1#2#3#4,21#22#23#0#1#2#3#4,21#22#23#0#1#2#3#4,21#22#23#0#1#2#3#4,null,null,null
46,sturgeon,10000,강 (하구),특대,2x1,Yes,0#1#2#3#4#5#6#7#8#9#10#11#12#13#14#15#16#17#18#19#20#21#22#23,0#1#2#3#4#5#6#7#8#9#10#11#12#13#14#15#16#17#18#19#20#21#22#23,0#1#2#3#4#5#6#7#8#9#10#11#12#13#14#15#16#17#18#19#20#21#22#23,null,null,null,null,null,0#1#2#3#4#5#6#7#8#9#10#11#12#13#14#15#16#17#18#19#20#21#22#23,0#1#2#3#4#5#6#7#8#9#10#11#12#13#14#15#16#17#18#19#20#21#22#23,0#1#2#3#4#5#6#7#8#9#10#11#12#13#14#15#16#17#18#19#20#21#22#23,0#1#2#3#4#5#6#7#8#9#10#11#12#13#14#15#16#17#18#19#20#21#22#23
47,sea butterfly,1000,바다,매우작다,1x1,No,0#1#2#3#4#5#6#7#8#9#10#11#12#13#14#15#16#17#18#19#20#21#22#23,0#1#2#3#4#5#6#7#8#9#10#11#12#13#14#15#16#17#18#19#20#21#22#23,0#1#2#3#4#5#6#7#8#9#10#11#12#13#14#15#16#17#18#19#20#21#22#23,null,null,null,null,null,null,null,null,0#1#2#3#4#5#6#7#8#9#10#11#12#13#14#15#16#17#18#19#20#21#22#23
48,sea horse,1100,바다,매우작다,1x1,No,null,null,null,0#1#2#3#4#5#6#7#8#9#10#11#12#13#14#15#16#17#18#19#20#21#22#23,0#1#2#3#4#5#6#7#8#9#10#11#12#13#14#15#16#17#18#19#20#21#22#23,0#1#2#3#4#5#6#7#8#9#10#11#12#13#14#15#16#17#18#19#20#21#22#23,0#1#2#3#4#5#6#7#8#9#10#11#12#13#14#15#16#17#18#19#20#21#22#23,0#1#2#3#4#5#6#7#8#9#10#11#12#13#14#15#16#17#18#19#20#21#22#23,0#1#2#3#4#5#6#7#8#9#10#11#12#13#14#15#16#17#18#19#20#21#22#23,0#1#2#3#4#5#6#7#8#9#10#11#12#13#14#15#16#17#18#19#20#21#22#23,0#1#2#3#4#5#6#7#8#9#10#11#12#13#14#15#16#17#18#19#20#21#22#23,null
49,clown fish,650,바다,매우작다,1x1,No,null,null,null,0#1#2#3#4#5#6#7#8#9#10#11#12#13#14#15#16#17#18#19#20#21#22#23,0#1#2#3#4#5#6#7#8#9#10#11#12#13#14#15#16#17#18#19#20#21#22#23,0#1#2#3#4#5#6#7#8#9#10#11#12#13#14#15#16#17#18#19#20#21#22#23,0#1#2#3#4#5#6#7#8#9#10#11#12#13#14#15#16#17#18#19#20#21#22#23,0#1#2#3#4#5#6#7#8#9#10#11#12#13#14#15#16#17#18#19#20#21#22#23,0#1#2#3#4#5#6#7#8#9#10#11#12#13#14#15#16#17#18#19#20#21#22#23,null,null,null
50,surgeonfish,1000,바다,작다,1x1,No,null,null,null,0#1#2#3#4#5#6#7#8#9#10#11#12#13#14#15#16#17#18#19#20#21#22#23,0#1#2#3#4#5#6#7#8#9#10#11#12#13#14#15#16#17#18#19#20#21#22#23,0#1#2#3#4#5#6#7#8#9#10#11#12#13#14#15#16#17#18#19#20#21#22#23,0#1#2#3#4#5#6#7#8#9#10#11#12#13#14#15#16#17#18#19#20#21#22#23,0#1#2#3#4#5#6#7#8#9#10#11#12#13#14#15#16#17#18#19#20#21#22#23,0#1#2#3#4#5#6#7#8#9#10#11#12#13#14#15#16#17#18#19#20#21#22#23,null,null,null
51,butterfly fish,1000,바다,작다,1x1,No,null,null,null,0#1#2#3#4#5#6#7#8#9#10#11#12#13#14#15#16#17#18#19#20#21#22#23,0#1#2#3#4#5#6#7#8#9#10#11#12#13#14#15#16#17#18#19#20#21#22#23,0#1#2#3#4#5#6#7#8#9#10#11#12#13#14#15#16#17#18#19#20#21#22#23,0#1#2#3#4#5#6#7#8#9#10#11#12#13#14#15#16#17#18#19#20#21#22#23,0#1#2#3#4#5#6#7#8#9#10#11#12#13#14#15#16#17#18#19#20#21#22#23,0#1#2#3#4#5#6#7#8#9#10#11#12#13#14#15#16#17#18#19#20#21#22#23,null,null,null
52,napoleonfish,10000,바다,특대,2x1,Yes,null,null,null,null,null,null,4#5#6#7#8#9#10#11#12#13#14#15#16#17#18#19#20#21,4#5#6#7#8#9#10#11#12#13#14#15#16#17#18#19#20#21,null,null,null,null
53,zebra turkeyfish,500,바다,중간,1x1,No,null,null,null,0#1#2#3#4#5#6#7#8#9#10#11#12#13#14#15#16#17#18#19#20#21#22#23,0#1#2#3#4#5#6#7#8#9#10#11#12#13#14#15#16#17#18#19#20#21#22#23,0#1#2#3#4#5#6#7#8#9#10#11#12#13#14#15#16#17#18#19#20#21#22#23,0#1#2#3#4#5#6#7#8#9#10#11#12#13#14#15#16#17#18#19#20#21#22#23,0#1#2#3#4#5#6#7#8#9#10#11#12#13#14#15#16#17#18#19#20#21#22#23,0#1#2#3#4#5#6#7#8#9#10#11#12#13#14#15#16#17#18#19#20#21#22#23,0#1#2#3#4#5#6#7#8#9#10#11#12#13#14#15#16#17#18#19#20#21#22#23,0#1#2#3#4#5#6#7#8#9#10#11#12#13#14#15#16#17#18#19#20#21#22#23,null
54,blowfish,5000,바다,중간,1x1,No,21#22#23#0#1#2#3#4,21#22#23#0#1#2#3#4,null,null,null,null,null,null,null,null,21#22#23#0#1#2#3#4,21#22#23#0#1#2#3#4
55,puffer fish,250,바다,중간,1x1,No,null,null,null,null,null,null,0#1#2#3#4#5#6#7#8#9#10#11#12#13#14#15#16#17#18#19#20#21#22#23,0#1#2#3#4#5#6#7#8#9#10#11#12#13#14#15#16#17#18#19#20#21#22#23,0#1#2#3#4#5#6#7#8#9#10#11#12#13#14#15#16#17#18#19#20#21#22#23,null,null,null
56,anchovy,200,바다,작다,1x1,No,4#5#6#7#8#9#10#11#12#13#14#15#16#17#18#19#20#21,4#5#6#7#8#9#10#11#12#13#14#15#16#17#18#19#20#21,4#5#6#7#8#9#10#11#12#13#14#15#16#17#18#19#20#21,4#5#6#7#8#9#10#11#12#13#14#15#16#17#18#19#20#21,4#5#6#7#8#9#10#11#12#13#14#15#16#17#18#19#20#21,4#5#6#7#8#9#10#11#12#13#14#15#16#17#18#19#20#21,4#5#6#7#8#9#10#11#12#13#14#15#16#17#18#19#20#21,4#5#6#7#8#9#10#11#12#13#14#15#16#17#18#19#20#21,4#5#6#7#8#9#10#11#12#13#14#15#16#17#18#19#20#21,4#5#6#7#8#9#10#11#12#13#14#15#16#17#18#19#20#21,4#5#6#7#8#9#10#11#12#13#14#15#16#17#18#19#20#21,4#5#6#7#8#9#10#11#12#13#14#15#16#17#18#19#20#21
57,horse mackerel,150,바다,작다,1x1,No,0#1#2#3#4#5#6#7#8#9#10#11#12#13#14#15#16#17#18#19#20#21#22#23,0#1#2#3#4#5#6#7#8#9#10#11#12#13#14#15#16#17#18#19#20#21#22#23,0#1#2#3#4#5#6#7#8#9#10#11#12#13#14#15#16#17#18#19#20#21#22#23,0#1#2#3#4#5#6#7#8#9#10#11#12#13#14#15#16#17#18#19#20#21#22#23,0#1#2#3#4#5#6#7#8#9#10#11#12#13#14#15#16#17#18#19#20#21#22#23,0#1#2#3#4#5#6#7#8#9#10#11#12#13#14#15#16#17#18#19#20#21#22#23,0#1#2#3#4#5#6#7#8#9#10#11#12#13#14#15#16#17#18#19#20#21#22#23,0#1#2#3#4#5#6#7#8#9#10#11#12#13#14#15#16#17#18#19#20#21#22#23,0#1#2#3#4#5#6#7#8#9#10#11#12#13#14#15#16#17#18#19#20#21#22#23,0#1#2#3#4#5#6#7#8#9#10#11#12#13#14#15#16#17#18#19#20#21#22#23,0#1#2#3#4#5#6#7#8#9#10#11#12#13#14#15#16#17#18#19#20#21#22#23,0#1#2#3#4#5#6#7#8#9#10#11#12#13#14#15#16#17#18#19#20#21#22#23
58,barred knifejaw,5000,바다,중간,1x1,No,null,null,0#1#2#3#4#5#6#7#8#9#10#11#12#13#14#15#16#17#18#19#20#21#22#23,0#1#2#3#4#5#6#7#8#9#10#11#12#13#14#15#16#17#18#19#20#21#22#23,0#1#2#3#4#5#6#7#8#9#10#11#12#13#14#15#16#17#18#19#20#21#22#23,0#1#2#3#4#5#6#7#8#9#10#11#12#13#14#15#16#17#18#19#20#21#22#23,0#1#2#3#4#5#6#7#8#9#10#11#12#13#14#15#16#17#18#19#20#21#22#23,0#1#2#3#4#5#6#7#8#9#10#11#12#13#14#15#16#17#18#19#20#21#22#23,0#1#2#3#4#5#6#7#8#9#10#11#12#13#14#15#16#17#18#19#20#21#22#23,0#1#2#3#4#5#6#7#8#9#10#11#12#13#14#15#16#17#18#19#20#21#22#23,0#1#2#3#4#5#6#7#8#9#10#11#12#13#14#15#16#17#18#19#20#21#22#23,null
59,sea bass,400,바다,매우크다,2x1,No,0#1#2#3#4#5#6#7#8#9#10#11#12#13#14#15#16#17#18#19#20#21#22#23,0#1#2#3#4#5#6#7#8#9#10#11#12#13#14#15#16#17#18#19#20#21#22#23,0#1#2#3#4#5#6#7#8#9#10#11#12#13#14#15#16#17#18#19#20#21#22#23,0#1#2#3#4#5#6#7#8#9#10#11#12#13#14#15#16#17#18#19#20#21#22#23,0#1#2#3#4#5#6#7#8#9#10#11#12#13#14#15#16#17#18#19#20#21#22#23,0#1#2#3#4#5#6#7#8#9#10#11#12#13#14#15#16#17#18#19#20#21#22#23,0#1#2#3#4#5#6#7#8#9#10#11#12#13#14#15#16#17#18#19#20#21#22#23,0#1#2#3#4#5#6#7#8#9#10#11#12#13#14#15#16#17#18#19#20#21#22#23,0#1#2#3#4#5#6#7#8#9#10#11#12#13#14#15#16#17#18#19#20#21#22#23,0#1#2#3#4#5#6#7#8#9#10#11#12#13#14#15#16#17#18#19#20#21#22#23,0#1#2#3#4#5#6#7#8#9#10#11#12#13#14#15#16#17#18#19#20#21#22#23,0#1#2#3#4#5#6#7#8#9#10#11#12#13#14#15#16#17#18#19#20#21#22#23
60,red snapper,3000,바다,크다,1x1,No,0#1#2#3#4#5#6#7#8#9#10#11#12#13#14#15#16#17#18#19#20#21#22#23,0#1#2#3#4#5#6#7#8#9#10#11#12#13#14#15#16#17#18#19#20#21#22#23,0#1#2#3#4#5#6#7#8#9#10#11#12#13#14#15#16#17#18#19#20#21#22#23,0#1#2#3#4#5#6#7#8#9#10#11#12#13#14#15#16#17#18#19#20#21#22#23,0#1#2#3#4#5#6#7#8#9#10#11#12#13#14#15#16#17#18#19#20#21#22#23,0#1#2#3#4#5#6#7#8#9#10#11#12#13#14#15#16#17#18#19#20#21#22#23,0#1#2#3#4#5#6#7#8#9#10#11#12#13#14#15#16#17#18#19#20#21#22#23,0#1#2#3#4#5#6#7#8#9#10#11#12#13#14#15#16#17#18#19#20#21#22#23,0#1#2#3#4#5#6#7#8#9#10#11#12#13#14#15#16#17#18#19#20#21#22#23,0#1#2#3#4#5#6#7#8#9#10#11#12#13#14#15#16#17#18#19#20#21#22#23,0#1#2#3#4#5#6#7#8#9#10#11#12#13#14#15#16#17#18#19#20#21#22#23,0#1#2#3#4#5#6#7#8#9#10#11#12#13#14#15#16#17#18#19#20#21#22#23
61,dab,300,바다,중간,1x1,No,0#1#2#3#4#5#6#7#8#9#10#11#12#13#14#15#16#17#18#19#20#21#22#23,0#1#2#3#4#5#6#7#8#9#10#11#12#13#14#15#16#17#18#19#20#21#22#23,0#1#2#3#4#5#6#7#8#9#10#11#12#13#14#15#16#17#18#19#20#21#22#23,0#1#2#3#4#5#6#7#8#9#10#11#12#13#14#15#16#17#18#19#20#21#22#23,null,null,null,null,null,0#1#2#3#4#5#6#7#8#9#10#11#12#13#14#15#16#17#18#19#20#21#22#23,0#1#2#3#4#5#6#7#8#9#10#11#12#13#14#15#16#17#18#19#20#21#22#23,0#1#2#3#4#5#6#7#8#9#10#11#12#13#14#15#16#17#18#19#20#21#22#23
62,olive flounder,800,바다,매우크다,2x1,No,0#1#2#3#4#5#6#7#8#9#10#11#12#13#14#15#16#17#18#19#20#21#22#23,0#1#2#3#4#5#6#7#8#9#10#11#12#13#14#15#16#17#18#19#20#21#22#23,0#1#2#3#4#5#6#7#8#9#10#11#12#13#14#15#16#17#18#19#20#21#22#23,0#1#2#3#4#5#6#7#8#9#10#11#12#13#14#15#16#17#18#19#20#21#22#23,0#1#2#3#4#5#6#7#8#9#10#11#12#13#14#15#16#17#18#19#20#21#22#23,0#1#2#3#4#5#6#7#8#9#10#11#12#13#14#15#16#17#18#19#20#21#22#23,0#1#2#3#4#5#6#7#8#9#10#11#12#13#14#15#16#17#18#19#20#21#22#23,0#1#2#3#4#5#6#7#8#9#10#11#12#13#14#15#16#17#18#19#20#21#22#23,0#1#2#3#4#5#6#7#8#9#10#11#12#13#14#15#16#17#18#19#20#21#22#23,0#1#2#3#4#5#6#7#8#9#10#11#12#13#14#15#16#17#18#19#20#21#22#23,0#1#2#3#4#5#6#7#8#9#10#11#12#13#14#15#16#17#18#19#20#21#22#23,0#1#2#3#4#5#6#7#8#9#10#11#12#13#14#15#16#17#18#19#20#21#22#23
63,squid,500,바다,중간,1x1,No,0#1#2#3#4#5#6#7#8#9#10#11#12#13#14#15#16#17#18#19#20#21#22#23,0#1#2#3#4#5#6#7#8#9#10#11#12#13#14#15#16#17#18#19#20#21#22#23,0#1#2#3#4#5#6#7#8#9#10#11#12#13#14#15#16#17#18#19#20#21#22#23,0#1#2#3#4#5#6#7#8#9#10#11#12#13#14#15#16#17#18#19#20#21#22#23,0#1#2#3#4#5#6#7#8#9#10#11#12#13#14#15#16#17#18#19#20#21#22#23,0#1#2#3#4#5#6#7#8#9#10#11#12#13#14#15#16#17#18#19#20#21#22#23,0#1#2#3#4#5#6#7#8#9#10#11#12#13#14#15#16#17#18#19#20#21#22#23,0#1#2#3#4#5#6#7#8#9#10#11#12#13#14#15#16#17#18#19#20#21#22#23,null,null,null,0#1#2#3#4#5#6#7#8#9#10#11#12#13#14#15#16#17#18#19#20#21#22#23
64,moray eel,2000,바다,길다,2x1,No,null,null,null,null,null,null,null,0#1#2#3#4#5#6#7#8#9#10#11#12#13#14#15#16#17#18#19#20#21#22#23,0#1#2#3#4#5#6#7#8#9#10#11#12#13#14#15#16#17#18#19#20#21#22#23,0#1#2#3#4#5#6#7#8#9#10#11#12#13#14#15#16#17#18#19#20#21#22#23,null,null
65,ribbon eel,600,바다,길다,2x1,No,null,null,null,null,null,0#1#2#3#4#5#6#7#8#9#10#11#12#13#14#15#16#17#18#19#20#21#22#23,0#1#2#3#4#5#6#7#8#9#10#11#12#13#14#15#16#17#18#19#20#21#22#23,0#1#2#3#4#5#6#7#8#9#10#11#12#13#14#15#16#17#18#19#20#21#22#23,0#1#2#3#4#5#6#7#8#9#10#11#12#13#14#15#16#17#18#19#20#21#22#23,0#1#2#3#4#5#6#7#8#9#10#11#12#13#14#15#16#17#18#19#20#21#22#23,null,null
66,tuna,7000,부둣가,특대,2x1,Yes,0#1#2#3#4#5#6#7#8#9#10#11#12#13#14#15#16#17#18#19#20#21#22#23,0#1#2#3#4#5#6#7#8#9#10#11#12#13#14#15#16#17#18#19#20#21#22#23,0#1#2#3#4#5#6#7#8#9#10#11#12#13#14#15#16#17#18#19#20#21#22#23,0#1#2#3#4#5#6#7#8#9#10#11#12#13#14#15#16#17#18#19#20#21#22#23,null,null,null,null,null,null,0#1#2#3#4#5#6#7#8#9#10#11#12#13#14#15#16#17#18#19#20#21#22#23,0#1#2#3#4#5#6#7#8#9#10#11#12#13#14#15#16#17#18#19#20#21#22#23
67,blue marlin,10000,부둣가,특대,2x1,Yes,0#1#2#3#4#5#6#7#8#9#10#11#12#13#14#15#16#17#18#19#20#21#22#23,0#1#2#3#4#5#6#7#8#9#10#11#12#13#14#15#16#17#18#19#20#21#22#23,0#1#2#3#4#5#6#7#8#9#10#11#12#13#14#15#16#17#18#19#20#21#22#23,0#1#2#3#4#5#6#7#8#9#10#11#12#13#14#15#16#17#18#19#20#21#22#23,null,null,0#1#2#3#4#5#6#7#8#9#10#11#12#13#14#15#16#17#18#19#20#21#22#23,0#1#2#3#4#5#6#7#8#9#10#11#12#13#14#15#16#17#18#19#20#21#22#23,0#1#2#3#4#5#6#7#8#9#10#11#12#13#14#15#16#17#18#19#20#21#22#23,null,0#1#2#3#4#5#6#7#8#9#10#11#12#13#14#15#16#17#18#19#20#21#22#23,0#1#2#3#4#5#6#7#8#9#10#11#12#13#14#15#16#17#18#19#20#21#22#23
68,giant trevally,4500,부둣가,매우크다,2x1,No,null,null,null,null,0#1#2#3#4#5#6#7#8#9#10#11#12#13#14#15#16#17#18#19#20#21#22#23,0#1#2#3#4#5#6#7#8#9#10#11#12#13#14#15#16#17#18#19#20#21#22#23,0#1#2#3#4#5#6#7#8#9#10#11#12#13#14#15#16#17#18#19#20#21#22#23,0#1#2#3#4#5#6#7#8#9#10#11#12#13#14#15#16#17#18#19#20#21#22#23,0#1#2#3#4#5#6#7#8#9#10#11#12#13#14#15#16#17#18#19#20#21#22#23,0#1#2#3#4#5#6#7#8#9#10#11#12#13#14#15#16#17#18#19#20#21#22#23,null,null
69,mahi mahi,6000,부둣가,매우크다,2x1,Yes,null,null,null,null,0#1#2#3#4#5#6#7#8#9#10#11#12#13#14#15#16#17#18#19#20#21#22#23,0#1#2#3#4#5#6#7#8#9#10#11#12#13#14#15#16#17#18#19#20#21#22#23,0#1#2#3#4#5#6#7#8#9#10#11#12#13#14#15#16#17#18#19#20#21#22#23,0#1#2#3#4#5#6#7#8#9#10#11#12#13#14#15#16#17#18#19#20#21#22#23,0#1#2#3#4#5#6#7#8#9#10#11#12#13#14#15#16#17#18#19#20#21#22#23,0#1#2#3#4#5#6#7#8#9#10#11#12#13#14#15#16#17#18#19#20#21#22#23,null,null
70,ocean sunfish,4000,바다,특대 지느러미,2x2,Yes,null,null,null,null,null,null,4#5#6#7#8#9#10#11#12#13#14#15#16#17#18#19#20#21,4#5#6#7#8#9#10#11#12#13#14#15#16#17#18#19#20#21,4#5#6#7#8#9#10#11#12#13#14#15#16#17#18#19#20#21,null,null,null
71,ray,3000,바다,매우크다,2x1,No,null,null,null,null,null,null,null,4#5#6#7#8#9#10#11#12#13#14#15#16#17#18#19#20#21,4#5#6#7#8#9#10#11#12#13#14#15#16#17#18#19#20#21,4#5#6#7#8#9#10#11#12#13#14#15#16#17#18#19#20#21,4#5#6#7#8#9#10#11#12#13#14#15#16#17#18#19#20#21,null
72,saw shark,12000,바다,특대 지느러미,2x1,No,null,null,null,null,null,16#17#18#19#20#21#22#23#0#1#2#3#4#5#6#7#8#9,16#17#18#19#20#21#22#23#0#1#2#3#4#5#6#7#8#9,16#17#18#19#20#21#22#23#0#1#2#3#4#5#6#7#8#9,16#17#18#19#20#21#22#23#0#1#2#3#4#5#6#7#8#9,null,null,null
73,hammerhead shark,8000,바다,특대 지느러미,2x1,Yes,null,null,null,null,null,16#17#18#19#20#21#22#23#0#1#2#3#4#5#6#7#8#9,16#17#18#19#20#21#22#23#0#1#2#3#4#5#6#7#8#9,16#17#18#19#20#21#22#23#0#1#2#3#4#5#6#7#8#9,16#17#18#19#20#21#22#23#0#1#2#3#4#5#6#7#8#9,null,null,null
74,great white shark,15000,바다,특대 지느러미,3x2,Yes,null,null,null,null,null,16#17#18#19#20#21#22#23#0#1#2#3#4#5#6#7#8#9,16#17#18#19#20#21#22#23#0#1#2#3#4#5#6#7#8#9,16#17#18#19#20#21#22#23#0#1#2#3#4#5#6#7#8#9,16#17#18#19#20#21#22#23#0#1#2#3#4#5#6#7#8#9,null,null,null
75,whale shark,13000,바다,특대 지느러미,3x2,Yes,null,null,null,null,null,0#1#2#3#4#5#6#7#8#9#10#11#12#13#14#15#16#17#18#19#20#21#22#23,0#1#2#3#4#5#6#7#8#9#10#11#12#13#14#15#16#17#18#19#20#21#22#23,0#1#2#3#4#5#6#7#8#9#10#11#12#13#14#15#16#17#18#19#20#21#22#23,0#1#2#3#4#5#6#7#8#9#10#11#12#13#14#15#16#17#18#19#20#21#22#23,null,null,null
76,suckerfish,1500,바다,크고 지느러미,1x1,No,null,null,null,null,null,0#1#2#3#4#5#6#7#8#9#10#11#12#13#14#15#16#17#18#19#20#21#22#23,0#1#2#3#4#5#6#7#8#9#10#11#12#13#14#15#16#17#18#19#20#21#22#23,0#1#2#3#4#5#6#7#8#9#10#11#12#13#14#15#16#17#18#19#20#21#22#23,0#1#2#3#4#5#6#7#8#9#10#11#12#13#14#15#16#17#18#19#20#21#22#23,null,null,null
77,football fish,2500,바다,크다,2x1,No,16#17#18#19#20#21#22#23#0#1#2#3#4#5#6#7#8#9,16#17#18#19#20#21#22#23#0#1#2#3#4#5#6#7#8#9,16#17#18#19#20#21#22#23#0#1#2#3#4#5#6#7#8#9,null,null,null,null,null,null,null,16#17#18#19#20#21#22#23#0#1#2#3#4#5#6#7#8#9,16#17#18#19#20#21#22#23#0#1#2#3#4#5#6#7#8#9
78,oarfish,9000,바다,특대,3x2,Yes,0#1#2#3#4#5#6#7#8#9#10#11#12#13#14#15#16#17#18#19#20#21#22#23,0#1#2#3#4#5#6#7#8#9#10#11#12#13#14#15#16#17#18#19#20#21#22#23,0#1#2#3#4#5#6#7#8#9#10#11#12#13#14#15#16#17#18#19#20#21#22#23,0#1#2#3#4#5#6#7#8#9#10#11#12#13#14#15#16#17#18#19#20#21#22#23,0#1#2#3#4#5#6#7#8#9#10#11#12#13#14#15#16#17#18#19#20#21#22#23,null,null,null,null,null,null,0#1#2#3#4#5#6#7#8#9#10#11#12#13#14#15#16#17#18#19#20#21#22#23
79,barreleye,15000,바다,작다,1x1,No,21#22#23#0#1#2#3#4,21#22#23#0#1#2#3#4,21#22#23#0#1#2#3#4,21#22#23#0#1#2#3#4,21#22#23#0#1#2#3#4,21#22#23#0#1#2#3#4,21#22#23#0#1#2#3#4,21#22#23#0#1#2#3#4,21#22#23#0#1#2#3#4,21#22#23#0#1#2#3#4,21#22#23#0#1#2#3#4,21#22#23#0#1#2#3#4
80,coelacanth,15000,바다 (눈/비오는 날),특대,2x1,Yes,0#1#2#3#4#5#6#7#8#9#10#11#12#13#14#15#16#17#18#19#20#21#22#23,0#1#2#3#4#5#6#7#8#9#10#11#12#13#14#15#16#17#18#19#20#21#22#23,0#1#2#3#4#5#6#7#8#9#10#11#12#13#14#15#16#17#18#19#20#21#22#23,0#1#2#3#4#5#6#7#8#9#10#11#12#13#14#15#16#17#18#19#20#21#22#23,0#1#2#3#4#5#6#7#8#9#10#11#12#13#14#15#16#17#18#19#20#21#22#23,0#1#2#3#4#5#6#7#8#9#10#11#12#13#14#15#16#17#18#19#20#21#22#23,0#1#2#3#4#5#6#7#8#9#10#11#12#13#14#15#16#17#18#19#20#21#22#23,0#1#2#3#4#5#6#7#8#9#10#11#12#13#14#15#16#17#18#19#20#21#22#23,0#1#2#3#4#5#6#7#8#9#10#11#12#13#14#15#16#17#18#19#20#21#22#23,0#1#2#3#4#5#6#7#8#9#10#11#12#13#14#15#16#17#18#19#20#21#22#23,0#1#2#3#4#5#6#7#8#9#10#11#12#13#14#15#16#17#18#19#20#21#22#23,0#1#2#3#4#5#6#7#8#9#10#11#12#13#14#15#16#17#18#19#20#21#22#23
